{
  "systemConfig": {
    "operationMode": "automatic",
    "syncEnabled": true,
    "lastSyncTime": "2023-11-13T12:00:00Z"
  },
  "deviceStates": {
    "radarSensor": {
      "isEnabled": true,
      "lastReadValue": 0.0,
      "lastReadTime": "2023-11-13T12:00:00Z"
    },
    "phSensor": {
      "isEnabled": true,
      "lastCalibration": {
        "highValue": 10.0,
        "lowValue": 7.0
      },
      "lastReadTime": "2023-11-13T12:00:00Z"
    },
    "turbiditySensor": {
      "isEnabled": false,
      "lastReadValue": 0.0,
      "lastReadTime": "2023-11-13T12:00:00Z"
    }
  },
  "actuatorStates": {
    "pump": {
      "isRunning": false,
      "lastStartTime": "2023-11-13T11:00:00Z"
    },
    "valve": {
      "isOpen": true,
      "lastOpenTime": "2023-11-13T11:00:00Z"
    }
  },
  "userPreferences": {
    "uiTheme": "dark",
    "notificationsEnabled": true
  }
}

// Regarding the state.json file, it is a common practice to maintain a local file that holds the state of an application, especially during transitions from one system to another. The state.json file acts as a snapshot of the current system state, which can include configuration parameters, operational flags, or any other dynamic values that the system needs to persist between restarts or for quick access.
// Given the project's goal to eventually phase out state.json in favor of live synchronization with ThingsBoard, the file is likely still present for backward compatibility or as a fallback during the transition phase. It ensures that the system remains operational even if there are temporary issues with network connectivity or the ThingsBoard service. It also allows for a safer transition, providing a rollback mechanism in case the new sync functionality encounters unexpected problems.

// In the context of providing a comprehensive and advanced code example for state.json, it would not typically include "methods" per se, as it is a JSON file, not a script. However, I can show you an example of what the contents might look like if it were to include a complex structure, including placeholders for potential future expansions. For the actual implementation of handling this state in a JSON format, the code would be part of a Python module that reads, writes, and syncs this state with ThingsBoard.

// This JSON structure provides a hypothetical snapshot of the system's configuration and state, including device states and user preferences. The actual implementation might vary depending on the specific needs of the project.
